{"A1":0.00019603701634315627,"A2":2.6340681593404322E-5,"Ac":0.0001842,"Ah":0.00022678250605235521,"Ai":7.14803434878632E-5,"Aj":7.6353267852846323E-6,"Cd":0.8828,"Dflat":0.00118,"Dh":0.00062963730569948184,"Di":0.00954,"Dj":0.00104,"Dj2":0.0006,"LTC":0.0005,"LTC2":0.0006,"LTC4":0.0008,"LTC6":0.00084,"LTC8":0.0008,"P":0.048506190571426404,"ans":"eP","eAc":2.0326104468725962E-6,"eAh":1.3351768777756622E-6,"eAj":9.43001249489178E-8,"eDflat":5E-5,"eDh":9.605331852674324E-5,"eDj":5E-5,"eDj2":5E-5,"eLTC":0.0001,"eLTC2":0.00011999999999999999,"eLTC4":0.00016,"eLTC6":0.00016800000000000002,"eLTC8":0.00016,"eP":0.0039269908169872417}